<?xml version="1.0" encoding="utf-8"?>
<!DOCTYPE install PUBLIC "-//Joomla! 2.5//DTD template 1.0//EN" "http://www.joomla.org/xml/dtd/1.6/template-install.dtd">
<extension version="3.5" type="template" client="site">
	<name>Puls</name>
	<creationDate>17 Июля 2020</creationDate>
	<author>Aleksander Sokolov</author>
	<authorEmail>apti4ka@list.ru</authorEmail>
	<authorUrl>http://massage22.ru</authorUrl>
	<copyright>Copyright (C) 2008 - 2020 Профессональный массаж в студии массажа Александра Соколова | Барнаул.</copyright>
	<license>comercial</license>
	<version>1.0</version>
	<description>Template for CMS Joomla 3</description>

	<files>
		<filename>index.php</filename>
		<filename>templateDetails.xml</filename>
		<filename>template_preview.png</filename>
		<filename>template_thumbnail.png</filename>
		<filename>favicon.ico</filename>
		<folder>css</folder>
		<folder>images</folder>
	</files>

	<positions>
		<position>breadcrumbs</position>
		<position>sidebar</position>
		<position>menu</position>
		<position>footer</position>
		<position>aftertext</position>
		<position>affix</position>
		
	</positions>
</extension>
